<LinearLayout 
    xmlns:android="http://schemas.android.com/apk/res/android"
    xmlns:tools="http://schemas.android.com/tools"
    xmlns:map="http://schemas.android.com/apk/res-auto"
    android:layout_width="match_parent"
    android:layout_height="match_parent"
    android:paddingBottom="@dimen/activity_vertical_margin"
    android:orientation="vertical"
    tools:context=".MainActivity1" >

    <RelativeLayout
        android:layout_width="match_parent"
        android:layout_height="wrap_content"
        android:background="@drawable/title_text"
        >
	    <TextView
	        android:id="@+id/txt_location_provider"
	        android:layout_width="wrap_content"
	        android:layout_height="wrap_content"
	        android:padding="10dp"
	        android:textColor="#ffffff"
	        />
	    <ImageView
	        android:id="@+id/img_location_on_off"
	        android:layout_width="wrap_content"
	        android:layout_height="wrap_content" 
	        android:layout_alignParentRight="true"
	        android:layout_centerVertical="true"
	        android:layout_marginRight="10dp"
	        android:src="@drawable/off"
	        />
    </RelativeLayout>
    
    <TableLayout
        android:layout_width="match_parent"
        android:layout_height="wrap_content"
        android:padding="5dp"
        android:stretchColumns="1" >

        <TableRow
            android:dividerPadding="1dp"
            android:divider="#000000"
            android:padding="3dp"
            android:showDividers="end" >

            <TextView 
                android:text="Time"
                />
            <TextView 
                android:layout_marginLeft="10dp"
                android:id="@+id/gps_time"
                />
        </TableRow>
        <TableRow
            android:padding="3dp">
            <TextView 
                android:text="Location"
                />
            <TextView 
                android:layout_marginLeft="10dp"
                android:id="@+id/gps_location"
                />
        </TableRow>
        <TableRow
            android:padding="3dp">
            <TextView 
                android:text="Accuracy"
                />
            <TextView 
                android:layout_marginLeft="10dp"
                android:id="@+id/gps_accuracy"
                />
        </TableRow>
    </TableLayout>



    
</LinearLayout>